,Suburb,Floor,Total_floor,Parking,num_BHK,Furnishing,Veg/Non-veg,num_amenities,age,balconies,area,Family,Family/Bachelor
0,10.81093326704014,-0.7183569295434653,-0.5635165407291988,-1.01990981232209,0.5500236564680963,1.0,1,-0.9325740432293432,0.0,-0.8051210717778841,0.25019664010119785,1.0,0.0
1,11.002099841204238,-0.236795945079304,0.08171643572059145,-1.01990981232209,0.5500236564680963,1.0,1,-0.9325740432293432,0.0,-0.8051210717778841,0.25019664010119785,1.0,0.0
2,10.46310334047155,1.3684073364679004,2.478296062534098,0.623601999534078,0.5500236564680963,0.0,1,-0.14887835939165767,0.0,-0.8051210717778841,1.3680759540184333,0.0,1.0
3,10.800342126936503,-0.7183569295434653,-0.3791642617435444,2.267113811390246,0.5500236564680963,1.0,1,-0.7086609907042902,0.0,0.7289609703934896,0.25019664010119785,0.0,1.0
4,10.093627047777602,0.5658056956942983,0.8191255516632088,0.623601999534078,0.5500236564680963,2.0,1,3.321773954746664,0.0,-0.03808005069219719,0.25019664010119785,0.0,1.0
5,10.077941093842853,-0.3973162732340244,-0.8400449592076803,-1.01990981232209,-0.7756743873268022,0.0,1,0.4109042719209749,1.7675016777124908,-0.8051210717778841,-2.0598920792490425,0.0,1.0
6,8.987944683896506,-0.7183569295434653,-0.9322210987005074,0.623601999534078,-0.7756743873268022,0.0,1,-1.2684436220169228,0.0,-0.03808005069219719,0.25019664010119785,1.0,0.0
7,11.254701858074293,-0.236795945079304,0.1738925752134186,0.623601999534078,1.8757217002629947,2.0,1,0.4109042719209749,0.0,-0.03808005069219719,0.25019664010119785,1.0,0.0
8,10.81093326704014,-0.07627561692458353,0.1738925752134186,0.623601999534078,-0.7756743873268022,2.0,1,-0.9325740432293432,0.0,-0.03808005069219719,0.25019664010119785,0.0,1.0
9,9.902578311017844,-0.7183569295434653,-0.5635165407291988,-1.01990981232209,0.5500236564680963,0.0,1,-1.0445305694918698,-0.34511437867743877,2.263043012564863,0.4451052950525609,1.0,0.0
10,9.963419244062587,0.5658056956942983,0.8191255516632088,0.623601999534078,0.5500236564680963,1.0,1,0.5228607981835014,0.0,2.263043012564863,1.0613107390066696,1.0,0.0
11,10.077941093842853,-0.07627561692458353,0.8191255516632088,0.623601999534078,0.5500236564680963,1.0,1,3.2098174284841376,0.0,-0.03808005069219719,0.2814171933097798,0.0,1.0
12,10.107409486332088,0.08424471123013691,-0.8400449592076803,-1.01990981232209,-0.7756743873268022,2.0,1,-1.1564870957543962,0.0,-0.8051210717778841,0.25019664010119785,1.0,0.0
13,9.656796854599593,-0.3973162732340244,-0.8400449592076803,-1.01990981232209,-0.7756743873268022,0.0,1,-0.8206175169668167,-1.1901608012334106,1.4960019914791765,0.5601909011526753,1.0,0.0
14,10.178708898315302,-0.5578366013887449,-0.5635165407291988,-1.01990981232209,-0.7756743873268022,1.0,1,0.5228607981835014,0.0,-0.8051210717778841,-1.8583178803420828,0.0,1.0
15,10.836219453720318,-0.8788772576981857,-0.5635165407291988,-1.01990981232209,-0.7756743873268022,1.0,1,0.2989477456584484,1.7675016777124908,-0.8051210717778841,-0.3968044712984042,0.0,1.0
16,9.808393086322576,-0.3973162732340244,-0.5635165407291988,0.623601999534078,-0.7756743873268022,0.0,1,0.18699121939592186,-1.1901608012334106,1.4960019914791765,-0.34985278034312817,1.0,0.0
17,9.825413010636524,0.4052853675395778,-0.10263584326506289,0.623601999534078,0.5500236564680963,1.0,1,0.5228607981835014,0.0,2.263043012564863,1.0613107390066696,1.0,0.0
18,10.820061955265544,-0.3973162732340244,-0.5635165407291988,0.623601999534078,-0.7756743873268022,0.0,1,-1.1564870957543962,0.0,-0.8051210717778841,0.15655314641068596,0.0,1.0
19,10.123486620712677,-0.236795945079304,-0.28698812225071724,-1.01990981232209,-0.7756743873268022,2.0,1,-0.03692183312913116,-0.34511437867743877,1.4960019914791765,-0.35565911374317694,1.0,0.0
20,10.127813292017578,-0.07627561692458353,-0.5635165407291988,-1.01990981232209,-0.7756743873268022,0.0,1,-0.5967044644417637,1.7675016777124908,-0.8051210717778841,-0.16856112424728784,1.0,0.0
21,10.812338822915162,0.5658056956942983,0.6347732726775545,0.623601999534078,-0.7756743873268022,1.0,1,-0.9325740432293432,0.0,-0.03808005069219719,0.25019664010119785,0.0,1.0
22,10.178708898315302,-0.7183569295434653,-0.5635165407291988,-1.01990981232209,-0.7756743873268022,1.0,1,0.5228607981835014,1.7675016777124908,-0.8051210717778841,-2.132096323240547,0.0,1.0
23,10.682048060497744,-0.5578366013887449,-0.5635165407291988,0.623601999534078,-0.7756743873268022,0.0,1,-0.8206175169668167,0.0,-0.8051210717778841,0.24353109614559956,0.0,1.0
24,10.836219453720318,-0.8788772576981857,-0.8400449592076803,-1.01990981232209,-0.7756743873268022,1.0,1,-0.5967044644417637,1.7675016777124908,-0.8051210717778841,0.25019664010119785,0.0,1.0
25,10.123486620712677,0.7263260238490187,0.1738925752134186,0.623601999534078,0.5500236564680963,2.0,1,-0.26083488565418417,-0.34511437867743877,1.4960019914791765,0.5923460343105441,1.0,0.0
26,11.544886378929121,-0.07627561692458353,-0.28698812225071724,0.623601999534078,-0.7756743873268022,2.0,1,-0.26083488565418417,-1.1901608012334106,1.4960019914791765,-0.13096456836611245,1.0,0.0
27,10.140943280499354,-0.3973162732340244,-0.5635165407291988,-1.01990981232209,-0.7756743873268022,2.0,1,-0.5967044644417637,-0.34511437867743877,-0.03808005069219719,-0.4473761924479059,1.0,0.0
28,9.615805480084347,-1.039397585852906,-0.8400449592076803,-1.01990981232209,-0.7756743873268022,1.0,1,0.18699121939592186,1.7675016777124908,-0.8051210717778841,-1.877546036029881,0.0,1.0
29,10.800342126936503,-0.5578366013887449,-0.5635165407291988,0.623601999534078,-0.7756743873268022,2.0,0,-0.03692183312913116,1.7675016777124908,-0.8051210717778841,-0.4087246680333283,0.0,1.0
30,10.812338822915162,3.6156919306339868,3.4000574574623696,0.623601999534078,1.8757217002629947,1.0,1,-1.2684436220169228,0.0,-0.03808005069219719,0.25019664010119785,0.0,1.0
31,9.825413010636524,-0.7183569295434653,-0.8400449592076803,0.623601999534078,-0.7756743873268022,0.0,1,-0.7086609907042902,-0.34511437867743877,1.4960019914791765,-0.3908721087565265,0.0,1.0
32,10.499684338411411,-0.8788772576981857,-1.1165733776861617,0.623601999534078,0.5500236564680963,1.0,1,0.5228607981835014,0.0,-0.8051210717778841,0.25019664010119785,1.0,0.0
33,9.778207950312629,-0.7183569295434653,-0.47134040123637155,-1.01990981232209,-0.7756743873268022,0.0,1,0.7467738507085544,-0.34511437867743877,-0.8051210717778841,-0.7623285583529469,1.0,0.0
34,10.029829803748603,0.8868463520037392,2.017415365069962,0.623601999534078,0.5500236564680963,0.0,1,1.4185130082837134,-2.4577304350673685,1.4960019914791765,0.5923460343105441,1.0,0.0
35,9.656796854599593,-0.5578366013887449,-0.5635165407291988,-1.01990981232209,-0.7756743873268022,0.0,1,-0.8206175169668167,-0.34511437867743877,1.4960019914791765,-0.3614831224624161,1.0,0.0
36,10.800342126936503,1.20788700831318,0.7269494121703817,0.623601999534078,0.5500236564680963,1.0,1,1.9782956395963458,1.7675016777124908,-0.03808005069219719,0.24353109614559956,1.0,0.0
37,10.800342126936503,1.0473666801584596,2.017415365069962,0.623601999534078,1.8757217002629947,0.0,1,-0.14887835939165767,0.0,-0.8051210717778841,1.9184650910903374,0.0,1.0
38,9.808393086322576,0.08424471123013691,-0.3791642617435444,0.623601999534078,1.8757217002629947,1.0,1,3.6576435335342437,-0.34511437867743877,0.7289609703934896,3.691237399858419,1.0,0.0
39,10.805760798721144,0.7263260238490187,0.7269494121703817,0.623601999534078,0.5500236564680963,1.0,1,0.8587303769710809,-0.34511437867743877,-0.8051210717778841,1.0107390178571678,0.0,1.0
40,10.132481660177653,-0.5578366013887449,-0.5635165407291988,-1.01990981232209,-0.7756743873268022,0.0,1,0.2989477456584484,1.7675016777124908,-0.8051210717778841,-1.963176197483027,0.0,1.0
41,10.800342126936503,-0.3973162732340244,-0.5635165407291988,0.623601999534078,1.8757217002629947,2.0,1,-0.03692183312913116,0.0,1.4960019914791765,1.9184650910903374,1.0,0.0
42,11.113769221964812,-0.5578366013887449,-0.5635165407291988,0.623601999534078,-0.7756743873268022,1.0,1,-1.1564870957543962,0.0,-0.8051210717778841,0.24353109614559956,0.0,1.0
43,10.812338822915162,-0.07627561692458353,-0.19481198275789005,0.623601999534078,3.2014197440578935,2.0,1,0.18699121939592186,-1.1901608012334106,-0.03808005069219719,1.8563519945674467,0.0,1.0
44,10.836219453720318,-0.236795945079304,-0.19481198275789005,0.623601999534078,1.8757217002629947,2.0,1,0.5228607981835014,0.0,-0.03808005069219719,2.0188825023295776,0.0,1.0
45,10.132481660177653,-0.5578366013887449,-0.5635165407291988,-1.01990981232209,-0.7756743873268022,2.0,1,0.6348173244460279,1.7675016777124908,-0.8051210717778841,-2.132096323240547,0.0,1.0
46,10.221977792579757,-0.236795945079304,-0.47134040123637155,-1.01990981232209,-0.7756743873268022,0.0,0,0.07503469313339535,0.0,-0.8051210717778841,0.25019664010119785,1.0,0.0
47,10.984529111597613,-0.3973162732340244,-0.5635165407291988,-1.01990981232209,-0.7756743873268022,0.0,1,-1.2684436220169228,0.0,-0.8051210717778841,-1.3860287866481789,0.0,1.0
48,10.81093326704014,2.010488649086782,0.6347732726775545,0.623601999534078,0.5500236564680963,2.0,1,-0.7086609907042902,0.0,-0.8051210717778841,0.7939202332175037,0.0,1.0
49,10.800342126936503,1.6894479927773414,0.8191255516632088,-1.01990981232209,-0.7756743873268022,0.0,1,-1.0445305694918698,-2.4577304350673685,-0.8051210717778841,-0.030247346752864522,0.0,1.0
50,10.155258405400648,0.5658056956942983,1.0956539701416903,0.623601999534078,-0.7756743873268022,0.0,1,0.5228607981835014,0.0,1.4960019914791765,0.11153494262031914,1.0,0.0
51,10.545341438708522,1.5289276646226209,0.6347732726775545,0.623601999534078,0.5500236564680963,1.0,0,0.2989477456584484,-0.34511437867743877,-0.8051210717778841,0.5247352748470336,1.0,0.0
52,11.18543234773538,4.418293571407589,3.4000574574623696,2.267113811390246,1.8757217002629947,1.0,1,3.4337304810091904,-1.1901608012334106,-0.8051210717778841,1.592786777680387,0.0,1.0
53,10.915088464214607,-0.5578366013887449,-0.5635165407291988,-1.01990981232209,-0.7756743873268022,0.0,1,-0.8206175169668167,1.7675016777124908,-0.8051210717778841,-0.45624274866414405,0.0,1.0
54,10.836219453720318,-0.7183569295434653,0.7269494121703817,0.623601999534078,0.5500236564680963,2.0,1,0.8587303769710809,-2.0352072237893823,-0.8051210717778841,0.1931301874944801,0.0,0.0
55,10.029829803748603,0.5658056956942983,0.1738925752134186,-1.01990981232209,-0.7756743873268022,1.0,1,0.07503469313339535,0.0,1.4960019914791765,0.11153494262031914,1.0,0.0
56,10.883169982670095,-1.039397585852906,-0.9322210987005074,-1.01990981232209,0.5500236564680963,2.0,1,-1.2684436220169228,0.0,-0.8051210717778841,0.25019664010119785,1.0,0.0
57,9.963419244062587,-0.8788772576981857,-0.8400449592076803,-1.01990981232209,-0.7756743873268022,0.0,1,-0.8206175169668167,-1.1901608012334106,1.4960019914791765,-0.1754288411425705,1.0,0.0
58,10.777176238832919,-0.3973162732340244,-0.5635165407291988,0.623601999534078,0.5500236564680963,0.0,1,-0.7086609907042902,0.0,-0.8051210717778841,0.5384499241632638,0.0,1.0
59,10.198076277116574,-0.7183569295434653,-0.5635165407291988,-1.01990981232209,-0.7756743873268022,1.0,1,0.5228607981835014,1.7675016777124908,-0.8051210717778841,-2.132096323240547,0.0,1.0
60,9.798127036878302,-0.7183569295434653,-0.8400449592076803,-1.01990981232209,-0.7756743873268022,0.0,1,0.2989477456584484,1.7675016777124908,-0.8051210717778841,-1.963176197483027,0.0,1.0
61,10.882758679073042,-0.07627561692458353,-0.5635165407291988,-1.01990981232209,-0.7756743873268022,0.0,1,-0.7086609907042902,0.0,-0.8051210717778841,-0.15176026644954704,1.0,0.0
62,10.883169982670095,2.171008977241503,3.2157051784767154,0.623601999534078,0.5500236564680963,1.0,1,2.7619913234340316,0.0,-0.8051210717778841,1.0613107390066696,0.0,1.0
63,10.94419241716617,2.331529305396223,3.4000574574623696,2.267113811390246,3.2014197440578935,1.0,1,1.53046953454624,-0.34511437867743877,-0.03808005069219719,2.3603434523117057,0.0,1.0
64,10.819778284410283,-0.07627561692458353,-0.47134040123637155,-1.01990981232209,0.5500236564680963,1.0,1,-0.4847479381792372,0.0,-0.8051210717778841,0.25019664010119785,0.0,1.0
65,10.198076277116574,-0.3973162732340244,-0.5635165407291988,-1.01990981232209,-0.7756743873268022,0.0,1,0.6348173244460279,1.7675016777124908,-0.8051210717778841,-2.132096323240547,0.0,1.0
66,9.210949357675435,-0.8788772576981857,-0.5635165407291988,-1.01990981232209,-0.7756743873268022,0.0,1,0.9706869032336074,1.7675016777124908,-0.8051210717778841,-0.8810137617272323,1.0,0.0
67,10.198076277116574,-0.236795945079304,-0.5635165407291988,-1.01990981232209,-0.7756743873268022,0.0,1,0.5228607981835014,0.0,-0.8051210717778841,-1.8583178803420828,0.0,1.0
68,11.113769221964812,-0.5578366013887449,-0.5635165407291988,0.623601999534078,0.5500236564680963,2.0,1,-1.0445305694918698,0.0,-0.8051210717778841,0.7939202332175037,0.0,1.0
69,10.077941093842853,-1.039397585852906,-0.5635165407291988,-1.01990981232209,-0.7756743873268022,0.0,1,0.18699121939592186,1.7675016777124908,-0.8051210717778841,-2.0598920792490425,0.0,1.0
70,10.404262840448617,-0.3973162732340244,-0.5635165407291988,0.623601999534078,0.5500236564680963,1.0,1,-1.0445305694918698,0.0,-0.03808005069219719,0.25019664010119785,1.0,0.0
71,10.986770345382833,1.20788700831318,0.6347732726775545,-1.01990981232209,1.8757217002629947,0.0,1,1.53046953454624,-2.4577304350673685,1.4960019914791765,0.9993169816215679,0.0,1.0
72,10.198076277116574,-0.5578366013887449,-0.5635165407291988,-1.01990981232209,-0.7756743873268022,0.0,1,0.9706869032336074,0.0,-0.8051210717778841,-1.8583178803420828,0.0,1.0
73,10.812338822915162,1.5289276646226209,0.6347732726775545,2.267113811390246,1.8757217002629947,1.0,1,1.8663391133338194,-0.34511437867743877,-0.8051210717778841,1.1543912801347826,0.0,1.0
74,9.808393086322576,-0.5578366013887449,-0.8400449592076803,0.623601999534078,-0.7756743873268022,0.0,1,-0.8206175169668167,-1.1901608012334106,0.7289609703934896,-1.0928189229128322,0.0,1.0
75,10.800342126936503,0.4052853675395778,0.08171643572059145,0.623601999534078,0.5500236564680963,1.0,1,1.306556482021187,1.7675016777124908,-0.03808005069219719,0.37496029592933366,0.0,1.0
76,11.608235644774552,0.4052853675395778,0.1738925752134186,0.623601999534078,0.5500236564680963,0.0,1,-1.0445305694918698,0.0,-0.8051210717778841,0.5565845185827383,0.0,1.0
77,9.656796854599593,-0.7183569295434653,-0.010459703772235722,0.623601999534078,-0.7756743873268022,0.0,1,0.18699121939592186,-2.0352072237893823,1.4960019914791765,-0.10222519166868324,1.0,0.0
78,10.178708898315302,-0.7183569295434653,-0.5635165407291988,-1.01990981232209,-0.7756743873268022,0.0,1,-1.2684436220169228,0.0,-0.8051210717778841,-2.1028868186658642,0.0,1.0
79,9.799820629546383,0.7263260238490187,0.1738925752134186,-1.01990981232209,-0.7756743873268022,0.0,1,0.8587303769710809,0.0,-0.8051210717778841,-0.9591138051052341,1.0,0.0
80,11.009215497549166,0.24476503938485736,0.6347732726775545,0.623601999534078,0.5500236564680963,1.0,1,0.9706869032336074,0.0,-0.8051210717778841,0.7939202332175037,1.0,0.0
81,9.761297893353097,0.8868463520037392,0.1738925752134186,0.623601999534078,-0.7756743873268022,2.0,1,0.2989477456584484,0.0,-0.8051210717778841,-0.34985278034312817,1.0,0.0
82,9.799820629546383,-0.236795945079304,-0.5635165407291988,-1.01990981232209,0.5500236564680963,0.0,1,0.8587303769710809,0.0,0.7289609703934896,0.812957060800053,1.0,0.0
83,10.077941093842853,-0.236795945079304,0.8191255516632088,0.623601999534078,0.5500236564680963,2.0,1,2.0902521658588724,0.0,-0.8051210717778841,0.25019664010119785,0.0,1.0
84,10.132481660177653,-0.8788772576981857,0.6347732726775545,0.623601999534078,0.5500236564680963,1.0,1,2.7619913234340316,0.0,-0.03808005069219719,0.25019664010119785,0.0,1.0
85,10.800342126936503,-0.3973162732340244,0.1738925752134186,0.623601999534078,-0.7756743873268022,0.0,1,0.2989477456584484,-1.1901608012334106,-0.03808005069219719,-2.0178423560958616,1.0,0.0
86,10.81093326704014,-0.07627561692458353,-0.47134040123637155,0.623601999534078,-0.7756743873268022,1.0,1,-0.7086609907042902,1.7675016777124908,-0.03808005069219719,-0.10528384201934494,1.0,0.0
87,9.656796854599593,-0.5578366013887449,-0.8400449592076803,0.623601999534078,-0.7756743873268022,1.0,1,-0.8206175169668167,-2.0352072237893823,1.4960019914791765,-0.5321988235622895,1.0,0.0
88,10.874764301899937,-1.039397585852906,-0.7478688197148531,-1.01990981232209,-0.7756743873268022,0.0,1,-0.7086609907042902,-1.1901608012334106,-0.8051210717778841,-0.030247346752864522,0.0,1.0
89,9.902578311017844,-0.8788772576981857,-0.8400449592076803,0.623601999534078,-0.7756743873268022,0.0,1,-0.8206175169668167,-0.34511437867743877,1.4960019914791765,-0.22366296021789653,1.0,0.0
90,11.251560700835821,1.20788700831318,0.911301691156036,0.623601999534078,-0.7756743873268022,1.0,1,0.7467738507085544,0.0,-0.8051210717778841,-0.34985278034312817,0.0,1.0
91,10.132481660177653,-0.07627561692458353,-0.5635165407291988,-1.01990981232209,-0.7756743873268022,0.0,1,0.5228607981835014,1.7675016777124908,-0.8051210717778841,-2.0598920792490425,0.0,1.0
92,10.123486620712677,1.3684073364679004,2.017415365069962,-1.01990981232209,-0.7756743873268022,0.0,1,1.1945999557586604,0.0,1.4960019914791765,0.11153494262031914,1.0,0.0
93,9.210949357675435,-1.039397585852906,-0.8400449592076803,-1.01990981232209,-0.7756743873268022,0.0,1,0.4109042719209749,1.7675016777124908,-0.8051210717778841,-0.698667718508071,1.0,0.0
94,10.836219453720318,-0.5578366013887449,-0.8400449592076803,-1.01990981232209,-0.7756743873268022,0.0,1,-0.9325740432293432,0.0,0.7289609703934896,0.25019664010119785,0.0,1.0
95,9.798127036878302,0.5658056956942983,2.017415365069962,0.623601999534078,0.5500236564680963,1.0,1,-0.5967044644417637,0.0,0.7289609703934896,1.2958717100269288,0.0,1.0
96,11.597104590824935,2.331529305396223,1.0034778306488632,2.267113811390246,1.8757217002629947,1.0,1,-0.8206175169668167,0.0,0.7289609703934896,0.25019664010119785,0.0,1.0
97,9.305650551780507,-0.7183569295434653,-1.0243972381933346,0.623601999534078,0.5500236564680963,0.0,1,-1.2684436220169228,0.0,0.7289609703934896,0.25019664010119785,1.0,0.0
98,10.373491181781864,-0.236795945079304,0.1738925752134186,0.623601999534078,0.5500236564680963,0.0,1,-0.7086609907042902,0.0,-0.8051210717778841,0.9762662764366651,0.0,1.0
99,10.836219453720318,2.010488649086782,3.4000574574623696,2.267113811390246,1.8757217002629947,1.0,1,-0.8206175169668167,0.0,1.4960019914791765,0.25019664010119785,0.0,1.0
100,9.711762440545167,-0.236795945079304,-0.5635165407291988,0.623601999534078,-0.7756743873268022,1.0,1,0.2989477456584484,0.0,-0.8051210717778841,0.25019664010119785,1.0,0.0
101,10.883169982670095,0.24476503938485736,0.1738925752134186,-1.01990981232209,-0.7756743873268022,0.0,1,0.07503469313339535,-1.1901608012334106,-0.8051210717778841,-1.0405382374810128,1.0,0.0
102,12.89921982609012,2.171008977241503,3.4000574574623696,2.267113811390246,1.8757217002629947,1.0,1,-0.8206175169668167,0.0,0.7289609703934896,0.25019664010119785,0.0,1.0
103,9.210949357675435,-0.5578366013887449,-0.47134040123637155,-1.01990981232209,0.5500236564680963,0.0,1,0.2989477456584484,-2.0352072237893823,-0.8051210717778841,-0.030247346752864522,1.0,0.0
104,10.820061955265544,4.578813899562309,2.017415365069962,0.623601999534078,0.5500236564680963,0.0,1,1.306556482021187,-0.34511437867743877,-0.8051210717778841,1.3680759540184333,1.0,0.0
105,10.198076277116574,-0.3973162732340244,-0.5635165407291988,-1.01990981232209,-0.7756743873268022,0.0,1,0.5228607981835014,0.0,-0.8051210717778841,-1.8583178803420828,0.0,1.0
106,10.81093326704014,-0.07627561692458353,1.3721823886201718,0.623601999534078,0.5500236564680963,1.0,1,-1.0445305694918698,0.0,-0.8051210717778841,0.25019664010119785,0.0,1.0
107,10.81093326704014,-0.3973162732340244,-0.28698812225071724,0.623601999534078,0.5500236564680963,0.0,1,1.082643429496134,1.7675016777124908,-0.03808005069219719,0.7287303919713419,1.0,0.0
108,9.656796854599593,-0.236795945079304,-0.5635165407291988,0.623601999534078,-0.7756743873268022,0.0,1,-0.7086609907042902,0.0,1.4960019914791765,-0.30969449124103215,1.0,0.0
109,9.656796854599593,-0.3973162732340244,-0.010459703772235722,0.623601999534078,0.5500236564680963,0.0,0,-0.9325740432293432,0.0,0.7289609703934896,1.1427351713824483,0.0,1.0
110,11.407564949312402,-0.3973162732340244,1.464358528112999,0.623601999534078,1.8757217002629947,1.0,1,1.4185130082837134,0.0,-0.03808005069219719,0.25019664010119785,1.0,0.0
111,10.81093326704014,1.3684073364679004,0.7269494121703817,0.623601999534078,0.5500236564680963,0.0,1,0.8587303769710809,1.7675016777124908,-0.03808005069219719,0.40645377063798505,1.0,0.0
112,11.082142548877775,-0.07627561692458353,-0.3791642617435444,2.267113811390246,1.8757217002629947,2.0,1,0.07503469313339535,1.7675016777124908,-0.03808005069219719,1.5696501529253928,0.0,1.0
113,10.800342126936503,-0.7183569295434653,-0.9322210987005074,0.623601999534078,-0.7756743873268022,1.0,1,-0.14887835939165767,0.0,-0.8051210717778841,-0.06889887116744042,0.0,1.0
114,10.820061955265544,2.652569961705664,2.017415365069962,-1.01990981232209,-0.7756743873268022,0.0,1,-0.7086609907042902,-1.1901608012334106,-0.8051210717778841,0.4829913922167412,0.0,1.0
115,10.093627047777602,-0.7183569295434653,-0.5635165407291988,-1.01990981232209,-0.7756743873268022,0.0,1,0.07503469313339535,1.7675016777124908,-0.8051210717778841,-1.877546036029881,0.0,1.0
116,9.616188449992759,-0.3973162732340244,0.7269494121703817,0.623601999534078,-0.7756743873268022,1.0,1,1.306556482021187,0.0,-0.8051210717778841,0.25019664010119785,1.0,0.0
117,10.077941093842853,-0.5578366013887449,-0.5635165407291988,-1.01990981232209,-0.7756743873268022,2.0,1,0.18699121939592186,0.0,-0.8051210717778841,-1.877546036029881,0.0,1.0
118,10.178708898315302,-0.8788772576981857,-0.5635165407291988,-1.01990981232209,-0.7756743873268022,0.0,1,0.6348173244460279,1.7675016777124908,-0.8051210717778841,-1.0741037543274086,0.0,1.0
119,10.81093326704014,-0.236795945079304,-0.28698812225071724,-1.01990981232209,0.5500236564680963,0.0,1,0.5228607981835014,0.0,-0.8051210717778841,0.8872648623282082,1.0,0.0
120,11.512925464970229,-0.8788772576981857,-0.5635165407291988,-1.01990981232209,-0.7756743873268022,0.0,1,-1.1564870957543962,0.0,-0.8051210717778841,-0.10528384201934494,0.0,1.0
121,10.836219453720318,-0.3973162732340244,-0.3791642617435444,-1.01990981232209,0.5500236564680963,0.0,1,0.2989477456584484,0.0,0.7289609703934896,0.24353109614559956,1.0,0.0
122,10.112762243048303,0.5658056956942983,0.911301691156036,-1.01990981232209,-0.7756743873268022,1.0,1,0.5228607981835014,0.0,1.4960019914791765,0.11153494262031914,1.0,0.0
123,10.077941093842853,-0.3973162732340244,-0.5635165407291988,-1.01990981232209,-0.7756743873268022,0.0,1,0.4109042719209749,1.7675016777124908,-0.8051210717778841,-2.132096323240547,0.0,1.0
124,10.883169982670095,-0.236795945079304,0.6347732726775545,-1.01990981232209,0.5500236564680963,2.0,0,-1.2684436220169228,0.0,-0.8051210717778841,0.25019664010119785,0.0,0.0
125,9.792149671031698,-0.236795945079304,-0.3791642617435444,-1.01990981232209,-0.7756743873268022,0.0,1,0.6348173244460279,-0.34511437867743877,-0.8051210717778841,-0.7056374361865017,1.0,0.0
126,10.800342126936503,-0.7183569295434653,-0.7478688197148531,0.623601999534078,0.5500236564680963,2.0,0,-0.37279141191671067,-0.34511437867743877,-0.03808005069219719,1.1427351713824483,0.0,1.0
127,10.836219453720318,-0.8788772576981857,-1.1165733776861617,-1.01990981232209,-0.7756743873268022,0.0,1,-0.9325740432293432,-1.1901608012334106,1.4960019914791765,-1.1784852057164215,1.0,0.0
128,11.434951245832153,-0.236795945079304,0.1738925752134186,0.623601999534078,0.5500236564680963,2.0,1,1.1945999557586604,0.0,-0.03808005069219719,0.25019664010119785,1.0,0.0
129,10.198076277116574,-0.5578366013887449,-0.5635165407291988,-1.01990981232209,-0.7756743873268022,0.0,1,0.18699121939592186,0.0,-0.8051210717778841,-1.6414990957024187,0.0,1.0
130,10.127906267664134,-0.07627561692458353,-0.5635165407291988,-1.01990981232209,-0.7756743873268022,0.0,1,-0.5967044644417637,1.7675016777124908,-0.8051210717778841,-0.25485243032696764,1.0,0.0
131,10.123486620712677,-1.039397585852906,-0.8400449592076803,-1.01990981232209,-0.7756743873268022,0.0,1,-0.7086609907042902,0.0,1.4960019914791765,-0.030247346752864522,1.0,0.0
132,10.836219453720318,-0.7183569295434653,-0.8400449592076803,0.623601999534078,0.5500236564680963,0.0,1,-0.5967044644417637,-0.34511437867743877,2.263043012564863,0.523817459820151,1.0,0.0
133,10.155258405400648,-0.8788772576981857,-0.5635165407291988,0.623601999534078,-0.7756743873268022,1.0,1,-0.14887835939165767,-1.1901608012334106,1.4960019914791765,-0.25927087429278695,1.0,0.0
134,10.81093326704014,0.7263260238490187,0.1738925752134186,2.267113811390246,3.2014197440578935,1.0,1,-0.14887835939165767,0.0,-0.8051210717778841,1.9184650910903374,1.0,0.0
135,9.742062286929299,-0.3973162732340244,-0.5635165407291988,-1.01990981232209,0.5500236564680963,0.0,1,0.7467738507085544,0.0,0.7289609703934896,0.8318063303816841,1.0,0.0
136,10.836219453720318,-0.236795945079304,-0.28698812225071724,-1.01990981232209,-0.7756743873268022,1.0,1,-0.37279141191671067,0.0,1.4960019914791765,0.04195689723863991,0.0,1.0
137,10.812338822915162,0.24476503938485736,-0.010459703772235722,0.623601999534078,0.5500236564680963,1.0,1,0.9706869032336074,0.0,-0.8051210717778841,0.7939202332175037,0.0,1.0
138,11.512925464970229,-0.5578366013887449,0.1738925752134186,0.623601999534078,1.8757217002629947,0.0,1,0.9706869032336074,0.0,-0.8051210717778841,0.25019664010119785,1.0,0.0
139,9.616188449992759,-0.7183569295434653,-0.5635165407291988,0.623601999534078,-0.7756743873268022,1.0,1,0.2989477456584484,0.0,-0.8051210717778841,0.25019664010119785,1.0,0.0
140,9.656796854599593,0.7263260238490187,0.08171643572059145,0.623601999534078,1.8757217002629947,2.0,1,0.8587303769710809,-0.34511437867743877,1.4960019914791765,1.3323144382906273,1.0,0.0
141,10.81093326704014,0.5658056956942983,0.7269494121703817,0.623601999534078,0.5500236564680963,0.0,1,1.53046953454624,-0.34511437867743877,-0.03808005069219719,0.15655314641068596,0.0,1.0
142,10.518957075826524,0.24476503938485736,0.911301691156036,2.267113811390246,1.8757217002629947,1.0,1,1.1945999557586604,-0.34511437867743877,-0.8051210717778841,1.3502787523142037,0.0,1.0
143,10.029829803748603,0.24476503938485736,0.8191255516632088,-1.01990981232209,0.5500236564680963,2.0,1,0.2989477456584484,-0.34511437867743877,1.4960019914791765,0.8781326951712882,1.0,0.0
144,10.836219453720318,-0.3973162732340244,-0.5635165407291988,-1.01990981232209,-0.7756743873268022,0.0,1,-0.37279141191671067,0.0,-0.8051210717778841,-1.8583178803420828,0.0,1.0
145,9.902578311017844,-0.7183569295434653,-0.10263584326506289,-1.01990981232209,-0.7756743873268022,0.0,1,-0.4847479381792372,-2.0352072237893823,1.4960019914791765,-0.20476048082450007,1.0,0.0
146,11.076460920548453,-0.8788772576981857,-0.7478688197148531,-1.01990981232209,-0.7756743873268022,0.0,1,-0.7086609907042902,-1.1901608012334106,-0.8051210717778841,-0.7337730224692492,1.0,0.0
147,9.761297893353097,-0.3973162732340244,-0.5635165407291988,-1.01990981232209,-0.7756743873268022,0.0,1,0.7467738507085544,1.7675016777124908,-0.8051210717778841,-1.0239737583625033,1.0,0.0
148,10.079169642270942,0.24476503938485736,-0.3791642617435444,0.623601999534078,0.5500236564680963,1.0,1,0.18699121939592186,0.0,1.4960019914791765,0.8872648623282082,1.0,0.0
149,10.183852819715211,-0.5578366013887449,-0.5635165407291988,0.623601999534078,0.5500236564680963,2.0,1,1.082643429496134,0.0,-0.8051210717778841,0.25019664010119785,1.0,0.0
150,10.079169642270942,0.5658056956942983,0.8191255516632088,-1.01990981232209,-0.7756743873268022,0.0,1,0.07503469313339535,-2.4577304350673685,1.4960019914791765,-0.23727999554462367,1.0,0.0
151,9.656796854599593,-0.5578366013887449,-0.8400449592076803,-1.01990981232209,-0.7756743873268022,1.0,1,-0.8206175169668167,0.0,1.4960019914791765,-0.18338388539734504,1.0,0.0
152,10.836219453720318,-0.3973162732340244,-0.5635165407291988,-1.01990981232209,-0.7756743873268022,0.0,1,-0.7086609907042902,1.7675016777124908,-0.8051210717778841,-1.801766411840931,0.0,1.0
153,12.051918482246522,-0.236795945079304,1.0034778306488632,2.267113811390246,-0.7756743873268022,1.0,1,-0.8206175169668167,0.0,-0.03808005069219719,0.25019664010119785,0.0,1.0
154,10.155258405400648,-0.7183569295434653,-0.5635165407291988,-1.01990981232209,-0.7756743873268022,2.0,1,-0.26083488565418417,-0.34511437867743877,0.7289609703934896,-0.34985278034312817,1.0,0.0
155,10.077941093842853,0.08424471123013691,-1.0243972381933346,-1.01990981232209,-0.7756743873268022,0.0,1,-1.1564870957543962,0.0,-0.8051210717778841,0.25019664010119785,0.0,1.0
156,10.874764301899937,-0.3973162732340244,-0.5635165407291988,0.623601999534078,0.5500236564680963,0.0,1,-0.8206175169668167,0.0,-0.8051210717778841,0.5923460343105441,0.0,1.0
157,10.198076277116574,-0.5578366013887449,-0.6556926802220259,-1.01990981232209,-0.7756743873268022,1.0,1,0.2989477456584484,0.0,-0.8051210717778841,-1.8583178803420828,0.0,1.0
158,10.093627047777602,-0.7183569295434653,-0.5635165407291988,-1.01990981232209,-0.7756743873268022,1.0,1,0.2989477456584484,0.0,-0.8051210717778841,-0.8771912122301296,0.0,1.0
159,9.392661928770137,-0.5578366013887449,-0.5635165407291988,0.623601999534078,-0.7756743873268022,1.0,1,-0.14887835939165767,0.0,-0.03808005069219719,0.11153494262031914,1.0,0.0
160,10.777176238832919,1.3684073364679004,0.911301691156036,2.267113811390246,-0.7756743873268022,2.0,1,-0.26083488565418417,0.0,-0.8051210717778841,0.6957866519521269,0.0,1.0
161,10.812338822915162,1.6894479927773414,1.0034778306488632,-1.01990981232209,-0.7756743873268022,0.0,1,-0.7086609907042902,-2.0352072237893823,-0.8051210717778841,-0.9591138051052341,0.0,1.0
162,11.531892347036067,-0.07627561692458353,0.1738925752134186,0.623601999534078,0.5500236564680963,2.0,1,1.306556482021187,0.0,-0.03808005069219719,0.25019664010119785,1.0,0.0
163,10.94419241716617,-1.039397585852906,-0.8400449592076803,-1.01990981232209,-0.7756743873268022,0.0,0,-1.2684436220169228,0.0,-0.8051210717778841,0.25019664010119785,1.0,0.0
164,10.800342126936503,-0.3973162732340244,-0.47134040123637155,0.623601999534078,0.5500236564680963,0.0,1,-0.8206175169668167,0.0,-0.8051210717778841,1.697603090180259,0.0,1.0
165,11.512925464970229,-0.236795945079304,-0.47134040123637155,2.267113811390246,0.5500236564680963,1.0,1,0.7467738507085544,-0.34511437867743877,-0.03808005069219719,0.4829913922167412,0.0,1.0
166,11.918390573078392,-0.3973162732340244,0.1738925752134186,0.623601999534078,0.5500236564680963,0.0,1,-0.5967044644417637,0.0,-0.03808005069219719,0.4829913922167412,0.0,1.0
167,10.032644741537855,-0.3973162732340244,-0.5635165407291988,0.623601999534078,-0.7756743873268022,1.0,1,0.18699121939592186,0.0,-0.8051210717778841,0.25019664010119785,1.0,0.0
168,9.305650551780507,-0.7183569295434653,-0.8400449592076803,0.623601999534078,-0.7756743873268022,0.0,1,-1.2684436220169228,0.0,-0.03808005069219719,0.25019664010119785,1.0,0.0
169,11.652687407345388,1.8499683209320619,3.4000574574623696,2.267113811390246,1.8757217002629947,1.0,1,-1.0445305694918698,0.0,-0.8051210717778841,0.25019664010119785,1.0,0.0
170,9.808393086322576,-0.3973162732340244,-0.010459703772235722,0.623601999534078,0.5500236564680963,0.0,1,-0.9325740432293432,0.0,0.7289609703934896,0.5493512948937205,1.0,0.0
171,10.093627047777602,-0.5578366013887449,-0.5635165407291988,-1.01990981232209,-0.7756743873268022,1.0,1,0.5228607981835014,0.0,-0.8051210717778841,-1.6414990957024187,0.0,1.0
172,9.963419244062587,-0.8788772576981857,-0.5635165407291988,0.623601999534078,-0.7756743873268022,0.0,1,-0.5967044644417637,-1.1901608012334106,1.4960019914791765,-0.270361835132257,1.0,0.0
173,10.800342126936503,-0.5578366013887449,-0.7478688197148531,0.623601999534078,1.8757217002629947,2.0,1,-1.1564870957543962,0.0,-0.8051210717778841,0.25019664010119785,0.0,1.0
174,10.155258405400648,-0.07627561692458353,0.1738925752134186,0.623601999534078,0.5500236564680963,0.0,1,-0.14887835939165767,-1.1901608012334106,1.4960019914791765,0.6653374354359026,1.0,0.0
175,12.388394202324129,-0.5578366013887449,1.9252392255771351,0.623601999534078,0.5500236564680963,1.0,1,-1.2684436220169228,0.0,-0.8051210717778841,0.25019664010119785,0.0,1.0
176,10.079169642270942,0.5658056956942983,1.0034778306488632,-1.01990981232209,-0.7756743873268022,1.0,1,0.4109042719209749,-0.34511437867743877,1.4960019914791765,-0.14393536643392085,1.0,0.0
177,10.127890916677828,-0.5578366013887449,-0.5635165407291988,-1.01990981232209,-0.7756743873268022,0.0,1,-0.9325740432293432,0.0,-0.8051210717778841,0.25019664010119785,1.0,0.0
178,10.805760798721144,2.171008977241503,2.017415365069962,0.623601999534078,1.8757217002629947,1.0,1,-0.7086609907042902,-0.34511437867743877,-0.8051210717778841,1.3395204181347355,1.0,0.0
179,10.155258405400648,-0.236795945079304,-0.5635165407291988,0.623601999534078,-0.7756743873268022,0.0,1,-0.37279141191671067,-0.34511437867743877,0.7289609703934896,-0.4087246680333283,1.0,0.0
180,10.883169982670095,0.4052853675395778,0.1738925752134186,0.623601999534078,-0.7756743873268022,0.0,1,1.6424260608087666,0.0,1.4960019914791765,-0.9831793474076985,1.0,0.0
181,11.157775763596701,-0.3973162732340244,-0.5635165407291988,-1.01990981232209,-0.7756743873268022,2.0,1,-1.1564870957543962,0.0,-0.8051210717778841,0.11153494262031914,0.0,1.0
182,9.656796854599593,-0.5578366013887449,-0.5635165407291988,-1.01990981232209,-0.7756743873268022,0.0,1,-0.7086609907042902,-1.1901608012334106,-0.8051210717778841,-0.30969449124103215,0.0,0.0
183,11.306557432035689,-0.5578366013887449,-0.5635165407291988,0.623601999534078,-0.7756743873268022,1.0,1,-0.8206175169668167,0.0,-0.8051210717778841,0.25019664010119785,0.0,1.0
184,9.711762440545167,-0.7183569295434653,-0.8400449592076803,0.623601999534078,-0.7756743873268022,0.0,1,-0.14887835939165767,0.0,-0.8051210717778841,0.25019664010119785,1.0,0.0
185,10.093627047777602,-0.236795945079304,-0.5635165407291988,-1.01990981232209,-0.7756743873268022,0.0,1,0.4109042719209749,1.7675016777124908,-0.8051210717778841,-2.132096323240547,0.0,1.0
186,10.800342126936503,-0.5578366013887449,-0.5635165407291988,-1.01990981232209,-0.7756743873268022,0.0,1,0.2989477456584484,0.0,0.7289609703934896,-0.6917232993160684,1.0,0.0
187,9.902578311017844,-0.07627561692458353,-0.6556926802220259,-1.01990981232209,-0.7756743873268022,0.0,1,-0.8206175169668167,-2.0352072237893823,1.4960019914791765,-0.7695345381970551,0.0,1.0
188,10.839575299716072,-0.7183569295434653,-0.5635165407291988,0.623601999534078,-0.7756743873268022,0.0,1,-1.1564870957543962,0.0,-0.8051210717778841,-0.9591138051052341,0.0,0.0
189,10.800342126936503,-0.8788772576981857,-0.5635165407291988,0.623601999534078,1.8757217002629947,2.0,1,0.2989477456584484,0.0,0.7289609703934896,1.46029551083159,0.0,1.0
190,10.132481660177653,-0.3973162732340244,-0.5635165407291988,-1.01990981232209,-0.7756743873268022,0.0,1,-0.03692183312913116,0.0,-0.8051210717778841,-1.8583178803420828,0.0,1.0
191,10.874764301899937,-0.236795945079304,-0.5635165407291988,0.623601999534078,1.8757217002629947,0.0,1,-1.1564870957543962,0.0,-0.8051210717778841,1.2958717100269288,0.0,1.0
192,10.81093326704014,2.8130902898603845,1.0956539701416903,2.267113811390246,1.8757217002629947,1.0,1,-0.26083488565418417,0.0,-0.03808005069219719,0.25019664010119785,0.0,1.0
193,10.81093326704014,-0.5578366013887449,-0.5635165407291988,0.623601999534078,-0.7756743873268022,0.0,1,0.9706869032336074,1.7675016777124908,-0.8051210717778841,-0.6813537054380183,1.0,0.0
194,12.154779351142624,-0.7183569295434653,-1.0243972381933346,0.623601999534078,-0.7756743873268022,1.0,1,-1.1564870957543962,0.0,-0.03808005069219719,-0.1801978973391026,0.0,1.0
195,9.656796854599593,-0.3973162732340244,-0.5635165407291988,-1.01990981232209,-0.7756743873268022,0.0,1,-0.5967044644417637,-1.1901608012334106,1.4960019914791765,-0.30969449124103215,0.0,1.0
196,11.70672138697985,2.4920496335509434,3.4000574574623696,0.623601999534078,0.5500236564680963,1.0,1,-1.2684436220169228,0.0,2.263043012564863,0.25019664010119785,0.0,1.0
197,10.81093326704014,-0.3973162732340244,-0.6556926802220259,-1.01990981232209,-0.7756743873268022,1.0,1,-0.03692183312913116,0.0,-0.8051210717778841,0.25019664010119785,1.0,0.0
198,9.963419244062587,-0.236795945079304,-0.010459703772235722,0.623601999534078,0.5500236564680963,0.0,1,-0.7086609907042902,-0.34511437867743877,0.7289609703934896,0.6413150611607593,1.0,0.0
199,10.812338822915162,-0.3973162732340244,-0.5635165407291988,-1.01990981232209,-0.7756743873268022,1.0,0,-0.37279141191671067,0.0,-0.8051210717778841,0.25019664010119785,1.0,0.0
200,12.154779351142624,-0.236795945079304,-0.6556926802220259,0.623601999534078,1.8757217002629947,2.0,1,-0.26083488565418417,-1.1901608012334106,-0.03808005069219719,1.7257277918982648,0.0,1.0
201,9.808393086322576,-0.3973162732340244,-0.5635165407291988,0.623601999534078,0.5500236564680963,0.0,1,-1.0445305694918698,-0.34511437867743877,0.7289609703934896,0.4754739546986557,1.0,0.0
202,10.123486620712677,-0.236795945079304,-0.5635165407291988,-1.01990981232209,-0.7756743873268022,1.0,1,-0.03692183312913116,-0.34511437867743877,1.4960019914791765,-0.34985278034312817,1.0,0.0
203,12.051918482246522,2.010488649086782,2.478296062534098,0.623601999534078,0.5500236564680963,0.0,1,3.7696000597967703,0.0,-0.8051210717778841,0.3670052516745591,0.0,1.0
204,11.225243392518447,-0.07627561692458353,0.08171643572059145,0.623601999534078,-0.7756743873268022,2.0,1,-0.9325740432293432,0.0,-0.8051210717778841,0.25019664010119785,0.0,1.0
205,10.805760798721144,-0.5578366013887449,-0.5635165407291988,-1.01990981232209,-0.7756743873268022,0.0,1,-1.1564870957543962,0.0,-0.8051210717778841,-0.5321988235622895,0.0,1.0
206,10.836219453720318,0.24476503938485736,-0.28698812225071724,0.623601999534078,1.8757217002629947,0.0,1,-0.4847479381792372,0.0,-0.8051210717778841,0.8255438521653017,0.0,1.0
207,10.658857388119278,-0.236795945079304,-0.5635165407291988,0.623601999534078,-0.7756743873268022,2.0,1,-0.37279141191671067,-1.1901608012334106,-0.8051210717778841,-0.24275406333306365,0.0,1.0
208,10.812338822915162,2.171008977241503,1.6487108070986536,0.623601999534078,0.5500236564680963,1.0,1,-0.8206175169668167,0.0,-0.8051210717778841,0.7939202332175037,0.0,1.0
209,10.518957075826524,-0.8788772576981857,-1.1165733776861617,0.623601999534078,-0.7756743873268022,2.0,0,0.18699121939592186,0.0,-0.8051210717778841,-0.18338388539734504,0.0,1.0
210,10.132481660177653,-1.039397585852906,-0.5635165407291988,-1.01990981232209,-0.7756743873268022,1.0,1,0.5228607981835014,1.7675016777124908,-0.8051210717778841,-2.132096323240547,0.0,1.0
211,10.079169642270942,1.3684073364679004,0.26606871470624577,0.623601999534078,0.5500236564680963,2.0,1,0.07503469313339535,0.0,1.4960019914791765,0.5923460343105441,1.0,0.0
212,10.112762243048303,2.652569961705664,0.911301691156036,-1.01990981232209,-0.7756743873268022,0.0,0,0.4109042719209749,0.0,1.4960019914791765,-0.38495808430430467,1.0,0.0
213,9.963419244062587,-0.7183569295434653,-0.8400449592076803,0.623601999534078,0.5500236564680963,0.0,1,-0.8206175169668167,-0.34511437867743877,2.263043012564863,0.5724020000786233,1.0,0.0
214,10.81093326704014,1.6894479927773414,0.8191255516632088,0.623601999534078,0.5500236564680963,1.0,1,-1.2684436220169228,0.0,0.7289609703934896,0.25019664010119785,0.0,1.0
215,10.198076277116574,-0.5578366013887449,-0.5635165407291988,-1.01990981232209,-0.7756743873268022,0.0,1,0.07503469313339535,0.0,-0.8051210717778841,-0.24824383865461414,0.0,1.0
216,10.800342126936503,0.5658056956942983,0.45042099369190014,0.623601999534078,0.5500236564680963,0.0,1,2.314165218383925,1.7675016777124908,-0.03808005069219719,0.35099523869146076,0.0,1.0
217,10.883169982670095,-0.7183569295434653,-0.9322210987005074,0.623601999534078,-0.7756743873268022,1.0,1,-0.03692183312913116,0.0,-0.8051210717778841,0.25019664010119785,0.0,1.0
218,10.123486620712677,0.5658056956942983,0.1738925752134186,-1.01990981232209,-0.7756743873268022,0.0,1,0.18699121939592186,0.0,1.4960019914791765,0.11153494262031914,1.0,0.0
219,10.029829803748603,0.24476503938485736,-0.28698812225071724,0.623601999534078,0.5500236564680963,2.0,1,-0.26083488565418417,0.0,1.4960019914791765,0.7939202332175037,1.0,0.0
220,9.963419244062587,-0.07627561692458353,-0.6556926802220259,-1.01990981232209,-0.7756743873268022,0.0,1,-0.8206175169668167,0.0,1.4960019914791765,-0.5321988235622895,1.0,0.0
221,10.093627047777602,-0.8788772576981857,-0.6556926802220259,-1.01990981232209,-0.7756743873268022,2.0,1,0.18699121939592186,1.7675016777124908,-0.8051210717778841,-2.132096323240547,0.0,1.0
222,10.079169642270942,-0.3973162732340244,-0.5635165407291988,-1.01990981232209,-0.7756743873268022,1.0,1,-0.37279141191671067,-0.34511437867743877,1.4960019914791765,-0.438854194451585,1.0,0.0
223,10.079169642270942,0.08424471123013691,0.911301691156036,-1.01990981232209,0.5500236564680963,2.0,1,0.07503469313339535,-1.1901608012334106,1.4960019914791765,0.5109216019347637,1.0,0.0
224,9.804599003838032,-0.5578366013887449,-0.5635165407291988,-1.01990981232209,-0.7756743873268022,0.0,1,0.6348173244460279,1.7675016777124908,-0.8051210717778841,-1.6256219474290388,1.0,0.0
225,10.178708898315302,-0.7183569295434653,-0.5635165407291988,-1.01990981232209,-0.7756743873268022,0.0,1,0.9706869032336074,1.7675016777124908,-0.8051210717778841,-2.0598920792490425,0.0,1.0
226,10.94419241716617,1.0473666801584596,1.0034778306488632,-1.01990981232209,-0.7756743873268022,1.0,1,0.6348173244460279,0.0,-0.8051210717778841,-0.18338388539734504,1.0,0.0
227,10.800342126936503,-0.7183569295434653,-0.8400449592076803,0.623601999534078,0.5500236564680963,2.0,0,-0.5967044644417637,1.7675016777124908,0.7289609703934896,0.47283585761801217,0.0,1.0
228,10.499684338411411,-0.8788772576981857,-0.8400449592076803,0.623601999534078,-0.7756743873268022,0.0,1,0.18699121939592186,0.0,-0.8051210717778841,-1.6076365234425152,1.0,0.0
229,10.123486620712677,-0.8788772576981857,-0.5635165407291988,-1.01990981232209,0.5500236564680963,1.0,1,-0.26083488565418417,-0.34511437867743877,1.4960019914791765,0.5655877605475998,1.0,0.0
230,9.472704636443673,-0.3973162732340244,-0.5635165407291988,0.623601999534078,-0.7756743873268022,0.0,1,0.7467738507085544,1.7675016777124908,-0.8051210717778841,-0.9591138051052341,1.0,0.0
231,10.132481660177653,-0.3973162732340244,-0.5635165407291988,-1.01990981232209,-0.7756743873268022,0.0,1,0.5228607981835014,1.7675016777124908,-0.8051210717778841,-2.132096323240547,0.0,1.0
232,10.132481660177653,-0.236795945079304,-0.5635165407291988,-1.01990981232209,-0.7756743873268022,2.0,1,0.07503469313339535,1.7675016777124908,-0.8051210717778841,-0.5578795499090587,1.0,0.0
233,9.963419244062587,-0.8788772576981857,-0.8400449592076803,-1.01990981232209,-0.7756743873268022,0.0,1,-0.7086609907042902,-0.34511437867743877,1.4960019914791765,-0.297245444503151,1.0,0.0
234,10.077941093842853,-0.7183569295434653,-0.5635165407291988,-1.01990981232209,-0.7756743873268022,0.0,1,0.9706869032336074,1.7675016777124908,-0.8051210717778841,-2.132096323240547,0.0,1.0
235,9.963419244062587,-0.3973162732340244,-0.5635165407291988,-1.01990981232209,-0.7756743873268022,0.0,1,-0.9325740432293432,-2.0352072237893823,1.4960019914791765,-0.2927385274911479,1.0,0.0
236,10.836219453720318,-0.236795945079304,2.939176759998234,0.623601999534078,1.8757217002629947,2.0,1,3.7696000597967703,-2.4577304350673685,-0.8051210717778841,1.1320767294043772,1.0,0.0
237,10.155258405400648,0.08424471123013691,-0.5635165407291988,-1.01990981232209,-0.7756743873268022,1.0,1,-0.4847479381792372,-0.34511437867743877,1.4960019914791765,-0.23727999554462367,1.0,0.0
238,11.156250521031495,0.5658056956942983,2.017415365069962,0.623601999534078,0.5500236564680963,0.0,1,-0.9325740432293432,0.0,-0.8051210717778841,0.9173943887464633,0.0,1.0
239,10.819778284410283,-0.3973162732340244,-0.5635165407291988,-1.01990981232209,-0.7756743873268022,0.0,1,-1.1564870957543962,0.0,-0.8051210717778841,-0.21014215916028928,0.0,0.0
240,11.157775763596701,-0.8788772576981857,-0.5635165407291988,0.623601999534078,0.5500236564680963,2.0,1,-1.0445305694918698,0.0,-0.8051210717778841,0.9762662764366651,0.0,1.0
241,10.178708898315302,-0.7183569295434653,-0.6556926802220259,-1.01990981232209,-0.7756743873268022,1.0,1,0.6348173244460279,1.7675016777124908,-0.8051210717778841,-2.0598920792490425,0.0,1.0
242,9.804599003838032,-0.5578366013887449,-0.5635165407291988,-1.01990981232209,-0.7756743873268022,0.0,1,0.18699121939592186,1.7675016777124908,-0.8051210717778841,-0.6053230893973665,1.0,0.0
243,10.883169982670095,-0.3973162732340244,-0.5635165407291988,-1.01990981232209,-0.7756743873268022,1.0,0,0.8587303769710809,-2.0352072237893823,-0.8051210717778841,-0.49431272639810925,1.0,0.0
244,12.765688433465597,3.776212258788707,3.4000574574623696,2.267113811390246,3.2014197440578935,1.0,1,-0.8206175169668167,0.0,-0.8051210717778841,0.25019664010119785,0.0,1.0
245,10.836219453720318,-0.3973162732340244,0.1738925752134186,0.623601999534078,0.5500236564680963,0.0,1,0.2989477456584484,-2.4577304350673685,-0.8051210717778841,0.3828823999479391,1.0,0.0
246,10.590444164589748,-0.3973162732340244,-0.5635165407291988,0.623601999534078,-0.7756743873268022,0.0,1,-1.1564870957543962,0.0,-0.8051210717778841,0.006195381510834055,0.0,1.0
247,10.079169642270942,-0.3973162732340244,-0.5635165407291988,-1.01990981232209,-0.7756743873268022,2.0,1,-0.37279141191671067,-0.34511437867743877,1.4960019914791765,-0.3731845986147993,1.0,0.0
248,9.902578311017844,-0.07627561692458353,-0.10263584326506289,-1.01990981232209,-0.7756743873268022,0.0,1,-0.9325740432293432,0.0,1.4960019914791765,-0.0010378421781836497,0.0,1.0
249,10.123486620712677,0.5658056956942983,0.8191255516632088,0.623601999534078,0.5500236564680963,0.0,1,0.2989477456584484,-2.4577304350673685,1.4960019914791765,0.6187352166501682,1.0,0.0
250,9.799820629546383,-0.3973162732340244,-0.5635165407291988,-1.01990981232209,-0.7756743873268022,0.0,1,0.8587303769710809,0.0,-0.8051210717778841,-0.6917232993160684,1.0,0.0
251,10.165851817003619,0.5658056956942983,0.1738925752134186,0.623601999534078,0.5500236564680963,0.0,1,0.5228607981835014,0.0,-0.8051210717778841,1.6931243084543524,0.0,1.0
252,10.165851817003619,-0.3973162732340244,-0.47134040123637155,-1.01990981232209,-0.7756743873268022,1.0,1,-0.7086609907042902,0.0,0.7289609703934896,0.3670052516745591,0.0,1.0
253,9.963419244062587,-0.5578366013887449,-0.8400449592076803,-1.01990981232209,-0.7756743873268022,0.0,1,-0.8206175169668167,-2.0352072237893823,0.7289609703934896,-1.2109434177480876,0.0,1.0
254,11.032098527256952,5.702456196645352,3.4000574574623696,2.267113811390246,1.8757217002629947,1.0,1,3.2098174284841376,-1.1901608012334106,1.4960019914791765,1.6249629128129615,0.0,1.0
255,10.123486620712677,0.5658056956942983,0.1738925752134186,0.623601999534078,0.5500236564680963,0.0,1,-0.03692183312913116,-0.34511437867743877,1.4960019914791765,0.5923460343105441,1.0,0.0
256,11.102707814143303,0.24476503938485736,0.26606871470624577,-1.01990981232209,-0.7756743873268022,0.0,1,-1.1564870957543962,0.0,-0.8051210717778841,0.01819031350961462,0.0,1.0
257,10.915088464214607,-0.3973162732340244,-0.5635165407291988,0.623601999534078,-0.7756743873268022,1.0,1,-1.1564870957543962,0.0,-0.03808005069219719,0.25019664010119785,0.0,1.0
258,10.596634733096073,0.7263260238490187,0.6347732726775545,0.623601999534078,1.8757217002629947,1.0,1,0.5228607981835014,0.0,-0.03808005069219719,1.2360798004931528,1.0,0.0
259,11.225243392518447,-0.236795945079304,0.6347732726775545,-1.01990981232209,1.8757217002629947,2.0,1,-0.26083488565418417,1.7675016777124908,0.7289609703934896,1.5696501529253928,0.0,1.0
260,10.029829803748603,0.5658056956942983,0.1738925752134186,-1.01990981232209,0.5500236564680963,2.0,1,0.7467738507085544,0.0,1.4960019914791765,0.8318063303816841,1.0,0.0
261,10.836219453720318,-0.5578366013887449,-0.9322210987005074,-1.01990981232209,-0.7756743873268022,2.0,0,-0.4847479381792372,0.0,-0.03808005069219719,0.25019664010119785,0.0,1.0
262,10.198076277116574,-0.5578366013887449,-0.5635165407291988,-1.01990981232209,-0.7756743873268022,0.0,1,0.5228607981835014,1.7675016777124908,-0.8051210717778841,-0.7337730224692492,0.0,1.0
263,10.812338822915162,-0.07627561692458353,0.1738925752134186,0.623601999534078,0.5500236564680963,1.0,1,-1.2684436220169228,0.0,1.4960019914791765,0.25019664010119785,0.0,1.0
264,10.123486620712677,1.20788700831318,0.1738925752134186,0.623601999534078,0.5500236564680963,2.0,1,0.07503469313339535,-0.34511437867743877,1.4960019914791765,0.5201417903190396,1.0,0.0
265,10.777176238832919,0.5658056956942983,0.8191255516632088,0.623601999534078,1.8757217002629947,2.0,1,1.306556482021187,-0.34511437867743877,-0.03808005069219719,1.5047901996681237,1.0,0.0
266,10.99400657222763,0.7263260238490187,0.8191255516632088,0.623601999534078,0.5500236564680963,1.0,1,1.306556482021187,-1.1901608012334106,-0.8051210717778841,0.7920060905997598,0.0,1.0
267,9.902578311017844,-0.3973162732340244,-0.5635165407291988,0.623601999534078,-0.7756743873268022,0.0,1,-0.7086609907042902,-0.34511437867743877,1.4960019914791765,-0.33139005190572385,1.0,0.0
268,10.836219453720318,0.7263260238490187,0.8191255516632088,0.623601999534078,0.5500236564680963,1.0,1,-1.2684436220169228,0.0,-0.03808005069219719,0.25019664010119785,0.0,1.0
269,10.693721473616906,0.24476503938485736,0.6347732726775545,0.623601999534078,0.5500236564680963,1.0,1,1.082643429496134,0.0,-0.8051210717778841,0.9762662764366651,0.0,1.0
270,9.656796854599593,-0.8788772576981857,-0.5635165407291988,2.267113811390246,0.5500236564680963,1.0,1,-0.8206175169668167,-2.0352072237893823,2.263043012564863,1.471516571660016,1.0,0.0
271,9.963419244062587,-0.8788772576981857,-0.5635165407291988,2.267113811390246,1.8757217002629947,1.0,1,-0.5967044644417637,-2.0352072237893823,2.263043012564863,1.3562295670243336,1.0,0.0
272,10.093627047777602,-0.3973162732340244,-0.5635165407291988,-1.01990981232209,-0.7756743873268022,1.0,1,0.5228607981835014,1.7675016777124908,-0.8051210717778841,-2.132096323240547,0.0,1.0
273,11.225243392518447,-0.3973162732340244,-0.5635165407291988,0.623601999534078,-0.7756743873268022,1.0,1,-1.2684436220169228,0.0,-0.8051210717778841,0.25019664010119785,0.0,1.0
274,10.800342126936503,-1.039397585852906,-0.9322210987005074,0.623601999534078,0.5500236564680963,2.0,1,-1.2684436220169228,0.0,0.7289609703934896,0.11153494262031914,0.0,1.0
275,9.963419244062587,-0.236795945079304,-0.5635165407291988,-1.01990981232209,-0.7756743873268022,0.0,1,-0.8206175169668167,0.0,1.4960019914791765,-0.31538003892262545,1.0,0.0
276,10.028681866925425,-0.3973162732340244,-0.5635165407291988,-1.01990981232209,0.5500236564680963,0.0,1,-0.5967044644417637,1.7675016777124908,-0.8051210717778841,0.38011339342551176,1.0,0.0
277,10.812338822915162,0.8868463520037392,0.6347732726775545,0.623601999534078,0.5500236564680963,1.0,1,0.8587303769710809,-1.1901608012334106,-0.8051210717778841,0.4904794072035187,0.0,1.0
278,10.373491181781864,0.5658056956942983,2.017415365069962,0.623601999534078,0.5500236564680963,1.0,1,-1.1564870957543962,0.0,-0.8051210717778841,0.8872648623282082,0.0,1.0
279,10.332263450120161,-0.3973162732340244,-0.5635165407291988,0.623601999534078,-0.7756743873268022,1.0,1,0.7467738507085544,0.0,-0.8051210717778841,0.25019664010119785,1.0,0.0
280,11.77528972943772,-0.236795945079304,-0.19481198275789005,0.623601999534078,3.2014197440578935,2.0,1,0.18699121939592186,-1.1901608012334106,-0.03808005069219719,1.661779675366579,0.0,1.0
281,9.761297893353097,-0.07627561692458353,-0.010459703772235722,0.623601999534078,-0.7756743873268022,2.0,1,0.7467738507085544,1.7675016777124908,-0.8051210717778841,-0.3368526031184209,1.0,0.0
282,10.13651410220278,-0.7183569295434653,-0.5635165407291988,-1.01990981232209,-0.7756743873268022,0.0,1,0.07503469313339535,0.0,-0.8051210717778841,-1.8583178803420828,0.0,1.0
283,9.664964669609997,-0.236795945079304,-0.5635165407291988,0.623601999534078,0.5500236564680963,1.0,1,0.2989477456584484,0.0,-0.8051210717778841,0.25019664010119785,1.0,0.0
284,10.15362714881828,-0.3973162732340244,-0.47134040123637155,-1.01990981232209,-0.7756743873268022,2.0,0,-0.26083488565418417,0.0,-0.8051210717778841,0.25019664010119785,1.0,0.0
285,10.10013286898403,0.7263260238490187,0.1738925752134186,-1.01990981232209,0.5500236564680963,1.0,1,-0.03692183312913116,0.0,1.4960019914791765,0.8318063303816841,1.0,0.0
286,10.921577021436315,2.171008977241503,2.017415365069962,0.623601999534078,1.8757217002629947,1.0,1,-1.1564870957543962,0.0,-0.8051210717778841,1.4376539994001125,0.0,1.0
287,10.828990475292974,3.6156919306339868,1.464358528112999,0.623601999534078,1.8757217002629947,2.0,1,1.8663391133338194,-0.34511437867743877,-0.03808005069219719,1.2958717100269288,0.0,1.0
288,9.903487552536127,-0.07627561692458353,0.08171643572059145,0.623601999534078,-0.7756743873268022,1.0,1,-0.9325740432293432,0.0,-0.03808005069219719,0.25019664010119785,0.0,1.0
289,10.13651410220278,-0.3973162732340244,-0.5635165407291988,-1.01990981232209,-0.7756743873268022,0.0,1,0.4109042719209749,0.0,-0.8051210717778841,-1.8583178803420828,0.0,1.0
290,10.13651410220278,-0.8788772576981857,-0.5635165407291988,-1.01990981232209,-0.7756743873268022,0.0,1,0.8587303769710809,1.7675016777124908,-0.8051210717778841,-2.132096323240547,0.0,1.0
291,9.836111167648554,-0.7183569295434653,-0.8400449592076803,0.623601999534078,0.5500236564680963,0.0,1,-0.4847479381792372,-0.34511437867743877,2.263043012564863,0.25019664010119785,1.0,0.0
292,10.828990475292974,-0.236795945079304,-0.010459703772235722,-1.01990981232209,-0.7756743873268022,2.0,1,-0.9325740432293432,0.0,-0.8051210717778841,0.25019664010119785,0.0,0.0
293,10.844393111876466,0.5658056956942983,1.0034778306488632,-1.01990981232209,-0.7756743873268022,0.0,1,-0.7086609907042902,-0.34511437867743877,-0.8051210717778841,-0.5321988235622895,0.0,1.0
294,11.05089000537367,0.24476503938485736,0.7269494121703817,0.623601999534078,0.5500236564680963,0.0,1,1.082643429496134,1.7675016777124908,-0.03808005069219719,0.3062641060077686,1.0,0.0
295,10.828990475292974,-0.7183569295434653,-0.5635165407291988,0.623601999534078,1.8757217002629947,2.0,1,-1.1564870957543962,0.0,-0.8051210717778841,1.9184650910903374,0.0,1.0
296,10.10013286898403,0.5658056956942983,0.8191255516632088,-1.01990981232209,-0.7756743873268022,2.0,1,0.5228607981835014,-1.1901608012334106,1.4960019914791765,-0.3440640153009393,1.0,0.0
297,11.774910439542683,4.578813899562309,3.4000574574623696,2.267113811390246,0.5500236564680963,1.0,1,-0.8206175169668167,0.0,0.7289609703934896,0.25019664010119785,0.0,1.0
298,9.836111167648554,0.24476503938485736,-0.010459703772235722,0.623601999534078,0.5500236564680963,0.0,1,0.7467738507085544,-2.0352072237893823,2.263043012564863,0.6653374354359026,0.0,0.0
299,11.6825763740302,-0.5578366013887449,-0.5635165407291988,0.623601999534078,-0.7756743873268022,0.0,1,-0.03692183312913116,-0.34511437867743877,-0.8051210717778841,0.25019664010119785,0.0,1.0
300,10.834967522577339,-0.8788772576981857,-0.8400449592076803,0.623601999534078,-0.7756743873268022,0.0,1,-0.7086609907042902,0.0,-0.8051210717778841,0.24353109614559956,1.0,0.0
301,9.836111167648554,-0.236795945079304,-0.5635165407291988,-1.01990981232209,-0.7756743873268022,0.0,1,-0.8206175169668167,-1.1901608012334106,1.4960019914791765,-0.1913721449645243,1.0,0.0
302,11.499489676535678,-0.236795945079304,-0.5635165407291988,0.623601999534078,0.5500236564680963,2.0,1,-1.1564870957543962,0.0,-0.8051210717778841,1.1427351713824483,0.0,1.0
303,10.10013286898403,0.5658056956942983,1.0034778306488632,0.623601999534078,-0.7756743873268022,1.0,1,0.2989477456584484,0.0,-0.8051210717778841,0.11153494262031914,1.0,0.0
304,10.828990475292974,-0.7183569295434653,-1.0243972381933346,3.9106256232464136,4.5271177878527915,0.0,1,-0.9325740432293432,0.0,-0.8051210717778841,0.25019664010119785,0.0,1.0
305,10.844393111876466,-0.236795945079304,0.6347732726775545,-1.01990981232209,-0.7756743873268022,0.0,1,-0.7086609907042902,-2.0352072237893823,-0.8051210717778841,-0.18338388539734504,0.0,1.0
306,9.836111167648554,-0.236795945079304,-0.5635165407291988,0.623601999534078,0.5500236564680963,0.0,1,-0.4847479381792372,-1.1901608012334106,2.263043012564863,1.0613107390066696,1.0,0.0
307,10.828990475292974,-0.3973162732340244,-0.5635165407291988,0.623601999534078,-0.7756743873268022,1.0,1,-0.9325740432293432,0.0,-0.03808005069219719,0.25019664010119785,0.0,1.0
308,11.499489676535678,-0.3973162732340244,-0.19481198275789005,2.267113811390246,1.8757217002629947,1.0,1,-0.37279141191671067,1.7675016777124908,-0.03808005069219719,1.2208352147604484,1.0,0.0
309,10.834967522577339,-0.7183569295434653,-0.5635165407291988,-1.01990981232209,-0.7756743873268022,0.0,1,-1.1564870957543962,0.0,-0.8051210717778841,-0.8810137617272323,0.0,1.0
310,9.774061976110486,-0.5578366013887449,-0.5635165407291988,-1.01990981232209,-0.7756743873268022,0.0,1,0.8587303769710809,1.7675016777124908,-0.8051210717778841,-0.7479975146630733,1.0,0.0
311,11.084108069050153,-0.7183569295434653,-0.5635165407291988,0.623601999534078,0.5500236564680963,2.0,1,-1.1564870957543962,0.0,-0.8051210717778841,0.7939202332175037,0.0,1.0
312,9.836111167648554,-0.236795945079304,-0.5635165407291988,0.623601999534078,0.5500236564680963,0.0,1,-0.7086609907042902,-0.34511437867743877,0.7289609703934896,0.5565845185827383,0.0,1.0
313,11.009088439692027,-0.8788772576981857,-1.1165733776861617,0.623601999534078,0.5500236564680963,1.0,1,0.7467738507085544,-2.4577304350673685,-0.8051210717778841,0.4451052950525609,0.0,1.0
314,10.10013286898403,-0.3973162732340244,-0.5635165407291988,-1.01990981232209,-0.7756743873268022,2.0,1,-0.14887835939165767,-1.1901608012334106,1.4960019914791765,-0.38495808430430467,1.0,0.0
315,10.10013286898403,0.7263260238490187,0.1738925752134186,0.623601999534078,-0.7756743873268022,1.0,0,-0.14887835939165767,-2.4577304350673685,1.4960019914791765,-0.561761564200412,1.0,0.0
316,9.836111167648554,0.7263260238490187,-0.010459703772235722,0.623601999534078,1.8757217002629947,1.0,1,3.6576435335342437,0.0,0.7289609703934896,1.3680759540184333,1.0,0.0
317,10.45221706022705,-1.039397585852906,-0.7478688197148531,-1.01990981232209,-0.7756743873268022,1.0,1,-0.7086609907042902,-0.34511437867743877,-0.8051210717778841,-0.5970587768195587,0.0,1.0
318,10.828990475292974,2.010488649086782,0.5425971331847272,0.623601999534078,1.8757217002629947,2.0,1,-0.9325740432293432,0.0,-0.8051210717778841,0.25019664010119785,0.0,1.0
319,10.828990475292974,0.08424471123013691,-0.19481198275789005,3.9106256232464136,1.8757217002629947,0.0,1,3.7696000597967703,0.0,1.4960019914791765,1.5696501529253928,0.0,1.0
320,10.10013286898403,-0.236795945079304,-0.10263584326506289,-1.01990981232209,0.5500236564680963,1.0,1,-0.37279141191671067,-0.34511437867743877,1.4960019914791765,0.40645377063798505,1.0,0.0
321,10.10013286898403,-0.7183569295434653,-0.8400449592076803,-1.01990981232209,-0.7756743873268022,2.0,0,-0.4847479381792372,0.0,0.7289609703934896,-0.030247346752864522,1.0,0.0
322,10.748139732899967,-0.07627561692458353,0.1738925752134186,0.623601999534078,1.8757217002629947,2.0,1,1.082643429496134,1.7675016777124908,-0.03808005069219719,1.4376539994001125,1.0,0.0
323,9.836111167648554,-0.236795945079304,-0.010459703772235722,0.623601999534078,0.5500236564680963,0.0,1,-0.26083488565418417,-2.0352072237893823,2.263043012564863,0.5420906205746503,1.0,0.0
324,9.607518427722344,0.08424471123013691,-0.47134040123637155,0.623601999534078,-0.7756743873268022,0.0,1,-0.14887835939165767,-0.34511437867743877,0.7289609703934896,-0.4993210679672591,1.0,0.0
325,10.491274217438248,-0.7183569295434653,-0.6556926802220259,2.267113811390246,0.5500236564680963,1.0,1,-1.0445305694918698,0.0,-0.8051210717778841,0.25019664010119785,1.0,0.0
326,9.711824389285779,-0.7183569295434653,-0.5635165407291988,0.623601999534078,-0.7756743873268022,0.0,1,0.07503469313339535,1.7675016777124908,-0.8051210717778841,-0.49431272639810925,0.0,1.0
327,9.903487552536127,2.010488649086782,1.0034778306488632,-1.01990981232209,-0.7756743873268022,0.0,1,-0.7086609907042902,-1.1901608012334106,-0.8051210717778841,-0.8059772664607536,0.0,1.0
328,11.419688373693912,-0.07627561692458353,0.1738925752134186,0.623601999534078,1.8757217002629947,1.0,1,1.306556482021187,0.0,-0.03808005069219719,0.25019664010119785,1.0,0.0
329,10.10013286898403,0.24476503938485736,0.6347732726775545,0.623601999534078,-0.7756743873268022,0.0,1,0.2989477456584484,-1.1901608012334106,1.4960019914791765,-0.26480831777312375,1.0,0.0
330,9.664964669609997,-0.3973162732340244,0.358244854199073,0.623601999534078,-0.7756743873268022,1.0,1,0.4109042719209749,0.0,-0.8051210717778841,0.25019664010119785,1.0,0.0
331,10.834967522577339,-0.8788772576981857,-0.8400449592076803,-1.01990981232209,-0.7756743873268022,0.0,1,-0.7086609907042902,-1.1901608012334106,-0.8051210717778841,-0.15176026644954704,0.0,1.0
332,10.828990475292974,2.010488649086782,0.7269494121703817,2.267113811390246,0.5500236564680963,1.0,1,-0.9325740432293432,0.0,-0.8051210717778841,0.25019664010119785,0.0,1.0
333,9.836111167648554,1.0473666801584596,-0.010459703772235722,0.623601999534078,1.8757217002629947,1.0,1,-0.03692183312913116,-1.1901608012334106,1.4960019914791765,1.4376539994001125,0.0,1.0
334,11.774910439542683,1.8499683209320619,2.2017676440556166,2.267113811390246,0.5500236564680963,1.0,1,-0.9325740432293432,0.0,0.7289609703934896,0.25019664010119785,0.0,1.0
335,9.836111167648554,0.24476503938485736,-0.010459703772235722,0.623601999534078,0.5500236564680963,0.0,1,0.07503469313339535,-2.0352072237893823,2.263043012564863,0.5420906205746503,1.0,0.0
336,10.10013286898403,-0.07627561692458353,0.1738925752134186,0.623601999534078,0.5500236564680963,0.0,1,-0.26083488565418417,-0.34511437867743877,1.4960019914791765,0.5923460343105441,1.0,0.0
337,10.13651410220278,-0.3973162732340244,-0.5635165407291988,-1.01990981232209,-0.7756743873268022,0.0,1,0.6348173244460279,1.7675016777124908,-0.8051210717778841,-2.132096323240547,0.0,1.0
338,10.828990475292974,-0.5578366013887449,-0.8400449592076803,0.623601999534078,-0.7756743873268022,0.0,1,0.07503469313339535,0.0,-0.8051210717778841,0.25019664010119785,1.0,0.0
339,9.836111167648554,-0.3973162732340244,-0.6556926802220259,0.623601999534078,-0.7756743873268022,1.0,1,-0.4847479381792372,-2.0352072237893823,1.4960019914791765,-0.1873738459401372,1.0,0.0
340,10.828990475292974,3.455171602479266,2.939176759998234,3.9106256232464136,3.2014197440578935,1.0,1,3.7696000597967703,-2.0352072237893823,2.263043012564863,3.408807866538355,1.0,0.0
341,10.10013286898403,0.24476503938485736,0.45042099369190014,0.623601999534078,-0.7756743873268022,0.0,1,0.4109042719209749,-1.1901608012334106,1.4960019914791765,-0.03319297533605072,1.0,0.0
342,10.13651410220278,-0.07627561692458353,-0.5635165407291988,-1.01990981232209,-0.7756743873268022,2.0,1,-0.14887835939165767,1.7675016777124908,-0.8051210717778841,-1.877546036029881,0.0,1.0
343,11.736069016284437,-0.7183569295434653,-0.6556926802220259,0.623601999534078,0.5500236564680963,2.0,1,-0.4847479381792372,1.7675016777124908,-0.03808005069219719,1.3680759540184333,0.0,1.0
344,10.15362714881828,-0.3973162732340244,-0.8400449592076803,-1.01990981232209,-0.7756743873268022,1.0,1,-0.37279141191671067,0.0,-0.8051210717778841,0.25019664010119785,0.0,1.0
345,10.13651410220278,-0.3973162732340244,-0.5635165407291988,-1.01990981232209,-0.7756743873268022,0.0,1,0.5228607981835014,0.0,-0.8051210717778841,-0.9274901861574362,1.0,0.0
346,10.15362714881828,-0.5578366013887449,-0.6556926802220259,-1.01990981232209,-0.7756743873268022,0.0,1,-0.03692183312913116,0.0,-0.8051210717778841,0.25019664010119785,1.0,0.0
347,10.828990475292974,-0.236795945079304,0.1738925752134186,0.623601999534078,4.5271177878527915,2.0,1,3.7696000597967703,-1.1901608012334106,1.4960019914791765,2.2133839191080016,0.0,1.0
348,9.836111167648554,0.24476503938485736,-0.010459703772235722,0.623601999534078,0.5500236564680963,1.0,1,0.2989477456584484,-2.0352072237893823,2.263043012564863,3.5326579403682827,1.0,0.0
349,10.828990475292974,-0.5578366013887449,-0.5635165407291988,-1.01990981232209,-0.7756743873268022,0.0,1,-0.8206175169668167,-2.4577304350673685,-0.03808005069219719,-0.3731845986147993,1.0,0.0
350,10.10013286898403,-0.07627561692458353,-0.47134040123637155,0.623601999534078,0.5500236564680963,2.0,1,0.18699121939592186,-0.34511437867743877,1.4960019914791765,0.6395875798814563,1.0,0.0
351,9.433600182764085,0.8868463520037392,0.1738925752134186,-1.01990981232209,-0.7756743873268022,0.0,1,1.4185130082837134,0.0,-0.8051210717778841,-0.7337730224692492,1.0,0.0
352,10.828990475292974,0.5658056956942983,2.939176759998234,0.623601999534078,1.8757217002629947,0.0,1,3.7696000597967703,0.0,-0.8051210717778841,1.4376539994001125,0.0,1.0
